employee_id,first_name,last_name,email,department_id,manager_id,hire_date,salary,is_active
1,Michael,Carpenter,user1@company.com,4,,2024-08-05,33001.29,True
2,Stephanie,Cook,user2@company.com,8,,2018-10-19,56785.29,True
3,Derrick,Graham,user3@company.com,18,,2023-01-15,40432.66,True
4,Edwin,Miller,user4@company.com,2,,2020-05-23,33575.67,True
5,Rachel,Hernandez,user5@company.com,8,,2022-08-01,90642.63,True
6,Robin,Medina,user6@company.com,18,,2026-02-21,53860.52,False
7,Tina,Horton,user7@company.com,14,,2019-10-18,56452.87,False
8,Leslie,Hickman,user8@company.com,9,,2025-04-23,127131.65,True
9,Laura,Velasquez,user9@company.com,6,,2024-08-01,113776.73,True
10,Ian,Tran,user10@company.com,9,,2025-03-11,48657.54,True
11,Brandon,Bishop,user11@company.com,4,2.0,2022-11-20,75591.28,True
12,John,Leblanc,user12@company.com,12,10.0,2020-04-27,61742.5,True
13,Amy,Delgado,user13@company.com,15,9.0,2025-09-19,44979.14,True
14,Ryan,Walters,user14@company.com,3,9.0,2022-04-23,65181.39,False
15,Amanda,Hart,user15@company.com,12,10.0,2019-06-04,53074.63,True
16,Andre,Walker,user16@company.com,2,11.0,2021-03-08,57347.79,True
17,Ashley,Barnes,user17@company.com,3,8.0,2019-03-15,133978.04,True
18,Tammy,Rojas,user18@company.com,9,15.0,2021-10-29,106282.13,True
19,Matthew,Rivas,user19@company.com,6,12.0,2018-09-26,72632.48,True
20,Kevin,Brown,user20@company.com,3,6.0,2021-11-25,94096.79,True
21,Christine,Hill,user21@company.com,6,15.0,2021-02-27,75534.65,False
22,Shane,Nelson,user22@company.com,8,11.0,2023-07-11,131142.23,True
23,Erica,Kaufman,user23@company.com,8,2.0,2018-06-04,126605.5,True
24,Timothy,Cruz,user24@company.com,9,3.0,2019-05-15,55317.94,False
25,Melissa,Fisher,user25@company.com,11,7.0,2021-01-05,108652.64,True
26,Brenda,Richards,user26@company.com,15,5.0,2026-02-18,61785.62,True
27,Sheri,Villegas,user27@company.com,18,18.0,2020-07-26,61528.99,False
28,Toni,Rodgers,user28@company.com,14,19.0,2021-02-07,77928.06,True
29,Kelly,Martinez,user29@company.com,5,17.0,2026-03-10,89221.9,True
30,Jennifer,Payne,user30@company.com,4,5.0,2019-08-19,105293.53,True
31,Nathan,Ramirez,user31@company.com,20,3.0,2018-10-25,76172.08,False
32,Erin,Holmes,user32@company.com,15,17.0,2023-09-26,60169.69,False
33,Peter,Davis,user33@company.com,1,8.0,2018-10-12,111805.24,False
34,Paul,Gonzalez,user34@company.com,9,22.0,2024-07-22,43386.26,True
35,Megan,Williams,user35@company.com,6,30.0,2018-06-07,30389.44,True
36,Scott,White,user36@company.com,17,12.0,2022-05-12,90921.8,True
37,William,Garcia,user37@company.com,10,33.0,2022-11-01,103076.43,True
38,Timothy,Medina,user38@company.com,12,11.0,2025-09-08,94725.48,False
39,William,Torres,user39@company.com,1,21.0,2022-01-15,88632.68,True
40,Lawrence,Mercado,user40@company.com,12,20.0,2026-02-28,58734.28,True
41,Erin,Hoffman,user41@company.com,19,6.0,2019-08-25,40278.41,True
42,Timothy,Martin,user42@company.com,3,35.0,2020-01-22,121900.13,True
43,Heather,Hull,user43@company.com,16,36.0,2023-04-10,49815.24,False
44,Christopher,Escobar,user44@company.com,20,28.0,2021-03-15,145723.55,False
45,Lisa,Zuniga,user45@company.com,7,20.0,2019-07-22,77879.08,True
46,Lisa,Castro,user46@company.com,15,34.0,2025-12-27,84178.34,True
47,Daniel,Williams,user47@company.com,8,5.0,2020-08-09,70570.27,False
48,Billy,Osborne,user48@company.com,18,15.0,2018-07-20,100612.81,True
49,Kyle,Jennings,user49@company.com,3,46.0,2021-12-25,105732.35,True
50,Kathryn,Shelton,user50@company.com,3,3.0,2024-02-12,133156.25,True
51,Roy,Ortega,user51@company.com,17,16.0,2026-02-25,63417.27,True
52,Jeffrey,Hughes,user52@company.com,7,35.0,2021-08-17,45877.42,False
53,Thomas,Paul,user53@company.com,19,31.0,2023-09-24,59159.67,True
54,Jonathan,Wong,user54@company.com,14,13.0,2024-05-09,41319.1,True
55,Jeremy,Ruiz,user55@company.com,12,28.0,2024-12-22,79332.27,True
56,Sarah,Olson,user56@company.com,4,4.0,2020-11-16,78314.55,True
57,Lisa,Woodward,user57@company.com,4,16.0,2018-12-07,52990.81,False
58,Angela,Nelson,user58@company.com,15,9.0,2024-08-23,80625.8,True
59,Harry,Schneider,user59@company.com,15,16.0,2023-02-24,134938.31,True
60,Kimberly,Wilson,user60@company.com,15,52.0,2019-06-18,133361.89,False
61,Jennifer,Rodgers,user61@company.com,4,4.0,2025-09-20,108257.39,False
62,Christine,Hill,user62@company.com,1,6.0,2023-08-30,141164.04,True
63,Chad,Downs,user63@company.com,6,27.0,2025-11-16,88276.94,True
64,Matthew,Blake,user64@company.com,13,58.0,2025-08-23,37036.25,True
65,Steve,Gilmore,user65@company.com,1,50.0,2022-10-01,61824.37,True
66,Norma,Allen,user66@company.com,10,55.0,2019-04-11,113590.98,False
67,Brooke,Shaw,user67@company.com,16,20.0,2025-12-12,52787.74,True
68,Leah,Ramos,user68@company.com,2,8.0,2024-01-22,119757.07,True
69,Dawn,Zamora,user69@company.com,2,62.0,2018-10-08,90342.05,False
70,William,Anderson,user70@company.com,6,8.0,2023-07-15,145293.47,True
71,James,Hawkins,user71@company.com,6,9.0,2021-09-28,101404.21,True
72,Mitchell,Singleton,user72@company.com,13,16.0,2019-04-23,142991.54,False
73,Janet,Lindsey,user73@company.com,8,6.0,2025-07-18,104325.78,True
74,Matthew,Edwards,user74@company.com,19,73.0,2019-09-07,92733.93,True
75,Daniel,Fuller,user75@company.com,7,41.0,2023-07-21,58642.31,True
76,Andrea,Hall,user76@company.com,5,39.0,2021-05-19,84866.95,True
77,Joseph,Martinez,user77@company.com,1,59.0,2024-01-15,104539.11,False
78,Ernest,Weiss,user78@company.com,4,10.0,2023-04-09,94516.13,False
79,Jacob,Andrews,user79@company.com,9,17.0,2025-03-03,141991.13,True
80,Amy,Richardson,user80@company.com,8,48.0,2021-03-14,64198.49,True
81,Jennifer,Lopez,user81@company.com,18,39.0,2018-05-20,103401.33,False
82,Kelly,Ortiz,user82@company.com,1,71.0,2021-11-26,65925.45,True
83,Mary,Mason,user83@company.com,5,34.0,2019-06-21,43851.44,True
84,Jessica,Boyd,user84@company.com,18,20.0,2022-01-12,62681.79,False
85,Gabriel,Archer,user85@company.com,7,44.0,2018-10-05,54431.68,True
86,Frank,Thomas,user86@company.com,17,63.0,2018-10-27,60134.55,True
87,Elaine,Gardner,user87@company.com,3,82.0,2024-10-12,80829.09,True
88,Joyce,Webb,user88@company.com,2,1.0,2020-09-13,70026.78,True
89,Christopher,Hernandez,user89@company.com,9,21.0,2020-12-29,118947.71,False
90,Kiara,Buck,user90@company.com,14,72.0,2023-02-18,31160.36,True
91,Megan,Daugherty,user91@company.com,5,70.0,2020-12-05,34323.38,True
92,Loretta,Bennett,user92@company.com,19,71.0,2022-09-16,47771.25,True
93,Brian,Parker,user93@company.com,2,40.0,2024-12-31,73758.18,True
94,Gary,Frost,user94@company.com,12,27.0,2025-06-27,111848.0,True
95,Michael,Vance,user95@company.com,12,72.0,2019-08-03,136096.16,True
96,Jessica,Conley,user96@company.com,20,20.0,2023-11-15,141091.66,True
97,Seth,Christensen,user97@company.com,6,23.0,2024-12-15,135769.94,True
98,Sonya,Payne,user98@company.com,6,95.0,2018-09-12,140938.48,True
99,Christopher,Ford,user99@company.com,8,35.0,2025-05-29,49103.74,True
100,Donna,Burns,user100@company.com,13,5.0,2023-08-13,133031.19,True
101,Brandon,Knight,user101@company.com,7,59.0,2020-08-28,71959.01,True
102,Jackie,Donaldson,user102@company.com,8,4.0,2021-05-03,109203.98,True
103,Matthew,Kennedy,user103@company.com,11,36.0,2021-08-10,133722.35,True
104,Shannon,Gill,user104@company.com,12,83.0,2020-06-21,91128.68,False
105,Jordan,Hughes,user105@company.com,11,4.0,2020-11-14,43841.01,True
106,Sandra,Miller,user106@company.com,6,75.0,2024-09-12,145504.12,True
107,Lori,Wilson,user107@company.com,2,14.0,2019-01-12,101588.55,True
108,Jennifer,Duncan,user108@company.com,11,56.0,2024-12-04,102745.06,False
109,Theresa,Gallegos,user109@company.com,4,50.0,2019-05-13,137940.57,True
110,Christopher,Jones,user110@company.com,9,6.0,2022-11-19,115054.23,True
111,David,Taylor,user111@company.com,17,104.0,2024-09-11,94614.24,True
112,Robert,Jenkins,user112@company.com,12,56.0,2019-10-22,38396.86,True
113,Roy,Phillips,user113@company.com,20,41.0,2019-08-20,109606.5,True
114,Christine,Blake,user114@company.com,10,65.0,2020-12-17,67114.16,True
115,Mary,Hunter,user115@company.com,11,52.0,2018-09-06,113665.01,False
116,Meghan,Mcclain,user116@company.com,5,25.0,2021-11-09,80453.56,True
117,Rachel,Dunn,user117@company.com,6,79.0,2025-06-27,98292.63,True
118,Charles,Hammond,user118@company.com,18,107.0,2020-04-21,30048.71,True
119,Aaron,Armstrong,user119@company.com,7,56.0,2019-12-13,124291.06,False
120,Shelia,James,user120@company.com,11,60.0,2019-11-13,83014.32,True
121,Michael,Cross,user121@company.com,17,61.0,2024-07-15,125248.25,True
122,Shane,James,user122@company.com,3,37.0,2019-11-06,91854.24,False
123,Lori,Miller,user123@company.com,11,12.0,2021-11-05,128210.82,True
124,Ashley,Phillips,user124@company.com,10,29.0,2018-07-27,126787.55,True
125,Heather,Green,user125@company.com,1,6.0,2022-03-14,59381.11,True
126,Kelly,Chapman,user126@company.com,20,109.0,2023-09-26,122218.72,True
127,Beverly,Andrews,user127@company.com,14,114.0,2020-06-13,105571.85,True
128,Sharon,Zhang,user128@company.com,13,64.0,2021-12-15,77958.34,True
129,Ann,Smith,user129@company.com,1,28.0,2024-09-07,123410.45,True
130,Autumn,Yoder,user130@company.com,6,119.0,2025-04-28,36026.21,True
131,Jennifer,Shaw,user131@company.com,4,117.0,2021-04-18,46000.69,True
132,Michael,Lewis,user132@company.com,17,82.0,2022-07-30,144004.75,True
133,Evelyn,Cowan,user133@company.com,20,130.0,2024-07-14,81208.89,False
134,Susan,Alvarez,user134@company.com,15,41.0,2023-12-18,119238.65,True
135,Crystal,Baker,user135@company.com,15,67.0,2025-06-13,120213.21,True
136,Julie,Porter,user136@company.com,17,125.0,2025-07-18,105209.81,True
137,Douglas,Martinez,user137@company.com,15,20.0,2018-11-16,115625.38,True
138,Carol,Jones,user138@company.com,9,86.0,2023-06-21,68365.15,False
139,Caleb,Shaw,user139@company.com,3,36.0,2023-08-27,48099.68,True
140,Luis,Giles,user140@company.com,5,55.0,2021-08-26,37707.46,True
141,Penny,West,user141@company.com,11,139.0,2021-03-01,85910.92,True
142,Jeremiah,Torres,user142@company.com,7,108.0,2026-03-08,76737.22,False
143,Tara,Hart,user143@company.com,1,98.0,2019-01-06,87237.57,True
144,Jamie,Gomez,user144@company.com,10,100.0,2022-04-09,132413.75,True
145,Lori,Wallace,user145@company.com,18,140.0,2019-06-07,125984.18,True
146,Patrick,Rodriguez,user146@company.com,16,57.0,2023-08-04,62752.24,True
147,Karen,Smith,user147@company.com,1,100.0,2018-08-01,70335.55,True
148,Jonathan,Banks,user148@company.com,6,120.0,2018-06-22,140344.99,False
149,Matthew,Baird,user149@company.com,18,7.0,2025-07-30,138831.46,False
150,Jeremy,Martinez,user150@company.com,19,7.0,2019-01-28,40073.7,True
151,Richard,Nelson,user151@company.com,5,119.0,2022-09-10,51807.48,True
152,Nicholas,Black,user152@company.com,13,84.0,2021-10-05,55399.23,True
153,Michelle,Jackson,user153@company.com,11,98.0,2023-10-11,63390.79,True
154,Ann,Norman,user154@company.com,9,21.0,2022-03-07,86436.82,False
155,Daniel,Curtis,user155@company.com,2,90.0,2019-06-19,56906.66,True
156,Keith,Weeks,user156@company.com,2,8.0,2020-09-14,143953.41,True
157,Paul,Ford,user157@company.com,1,40.0,2019-03-05,58625.39,True
158,Andrew,Dyer,user158@company.com,4,145.0,2024-04-29,143730.84,True
159,Richard,Moore,user159@company.com,9,95.0,2023-04-06,50134.7,False
160,Laura,Brooks,user160@company.com,4,42.0,2023-12-08,145766.49,True
161,Joanne,Nguyen,user161@company.com,19,7.0,2021-01-02,141466.46,False
162,Tara,Lee,user162@company.com,13,102.0,2021-07-13,142976.47,True
163,Tina,Mills,user163@company.com,3,152.0,2020-06-25,112873.73,True
164,Paula,Herrera,user164@company.com,4,78.0,2023-07-25,132035.19,False
165,Lindsay,Tucker,user165@company.com,4,145.0,2018-12-24,123916.24,True
166,Jessica,Erickson,user166@company.com,18,110.0,2023-03-22,109382.56,True
167,Tamara,Olson,user167@company.com,17,166.0,2022-04-20,70947.74,True
168,Gregory,Johnson,user168@company.com,16,28.0,2021-06-05,82022.81,True
169,Jessica,Williams,user169@company.com,15,40.0,2023-12-12,82258.46,False
170,Nathaniel,Robinson,user170@company.com,9,158.0,2023-09-10,126983.91,False
171,Miranda,Nicholson,user171@company.com,16,120.0,2018-12-19,82268.94,False
172,Joshua,Macdonald,user172@company.com,9,83.0,2026-03-16,132205.58,True
173,Samantha,Diaz,user173@company.com,9,116.0,2019-03-31,59263.61,True
174,Kristy,West,user174@company.com,19,157.0,2023-02-28,110182.62,True
175,Christopher,Foster,user175@company.com,1,127.0,2025-08-30,132114.34,True
176,Rodney,Todd,user176@company.com,16,55.0,2021-03-27,72579.0,True
177,David,Wright,user177@company.com,11,72.0,2021-06-01,135638.4,True
178,Dustin,Guerra,user178@company.com,18,3.0,2023-01-05,91995.27,True
179,Katelyn,Armstrong,user179@company.com,3,62.0,2022-11-20,116408.96,True
180,Jill,Jackson,user180@company.com,18,62.0,2026-04-13,112873.12,True
181,Thomas,Garcia,user181@company.com,15,5.0,2025-09-28,41166.4,True
182,Ashley,Conrad,user182@company.com,13,178.0,2024-03-28,59196.62,False
183,Kathleen,Reyes,user183@company.com,12,122.0,2019-04-06,96416.75,True
184,Joseph,Mills,user184@company.com,14,141.0,2018-06-03,69694.96,True
185,Steve,Ali,user185@company.com,9,79.0,2018-08-10,60168.44,True
186,Robin,Lynch,user186@company.com,7,81.0,2025-03-10,44346.57,False
187,Lisa,May,user187@company.com,6,50.0,2024-03-25,55966.16,True
188,Brian,Vasquez,user188@company.com,9,186.0,2018-06-13,100750.43,False
189,Andrew,Garcia,user189@company.com,20,73.0,2020-01-09,147661.28,True
190,Victoria,Garcia,user190@company.com,10,59.0,2019-01-01,73305.73,True
191,Christopher,Espinoza,user191@company.com,1,182.0,2025-08-24,94096.21,True
192,Amanda,Clarke,user192@company.com,2,14.0,2025-10-04,96403.08,True
193,Claudia,Bell,user193@company.com,16,27.0,2025-03-26,134726.37,False
194,Timothy,Escobar,user194@company.com,10,121.0,2020-05-16,87445.71,True
195,Christopher,Morrison,user195@company.com,6,14.0,2022-03-17,60297.41,True
196,Miguel,Avila,user196@company.com,4,17.0,2022-11-18,78084.89,True
197,Brian,Khan,user197@company.com,19,162.0,2020-09-07,112374.12,True
198,Danielle,James,user198@company.com,5,145.0,2019-07-23,143895.08,True
199,Natasha,Barnes,user199@company.com,8,31.0,2019-09-04,96968.76,True
200,James,Grant,user200@company.com,20,153.0,2021-10-23,124888.9,True
201,Peter,Bowman,user201@company.com,17,98.0,2020-11-13,84061.74,True
202,Kenneth,Rodriguez,user202@company.com,10,151.0,2021-08-10,148803.75,True
203,Melissa,Gross,user203@company.com,19,159.0,2023-05-25,37227.64,True
204,Elizabeth,Buck,user204@company.com,7,161.0,2020-08-05,55323.02,True
205,Adrienne,Lewis,user205@company.com,6,62.0,2023-10-03,50857.63,True
206,Brandon,Hudson,user206@company.com,6,1.0,2025-09-25,79022.11,False
207,Patricia,Andersen,user207@company.com,16,75.0,2022-05-01,33916.78,True
208,Margaret,Lopez,user208@company.com,10,180.0,2022-12-31,133152.81,True
209,Justin,Yates,user209@company.com,8,68.0,2025-09-22,124539.36,False
210,Lisa,Hicks,user210@company.com,7,109.0,2019-04-19,43773.16,True
211,Michele,Gates,user211@company.com,5,69.0,2025-06-22,129195.74,True
212,Deborah,Lawrence,user212@company.com,2,43.0,2024-10-03,125115.43,False
213,Jesus,Acevedo,user213@company.com,19,74.0,2019-01-12,82698.41,True
214,Michael,Tucker,user214@company.com,10,180.0,2024-03-06,78301.02,True
215,Albert,Morgan,user215@company.com,17,139.0,2023-03-09,89255.43,True
216,Carrie,Holder,user216@company.com,20,11.0,2019-05-13,136730.75,True
217,Kelly,Daniel,user217@company.com,20,65.0,2025-01-19,33103.79,True
218,Tina,Clark,user218@company.com,19,151.0,2022-12-10,144094.35,True
219,April,Reyes,user219@company.com,19,11.0,2024-03-18,121573.08,True
220,Jim,Smith,user220@company.com,16,133.0,2019-09-09,108181.14,True
221,Jeffery,Green,user221@company.com,6,150.0,2021-11-03,82306.2,True
222,Sean,Thompson,user222@company.com,3,121.0,2024-03-09,71755.33,True
223,Amy,Lynn,user223@company.com,11,172.0,2019-08-10,42551.99,True
224,Lisa,Roach,user224@company.com,11,106.0,2018-10-09,113240.84,True
225,Bridget,Smith,user225@company.com,13,209.0,2025-06-16,121259.97,True
226,Alexander,Rose,user226@company.com,15,23.0,2024-06-01,67742.06,True
227,Robert,Gomez,user227@company.com,4,198.0,2024-06-23,78501.01,False
228,Patricia,Church,user228@company.com,1,169.0,2019-06-28,134324.1,True
229,Amy,Lowe,user229@company.com,14,14.0,2020-03-22,52509.9,True
230,Anthony,Marks,user230@company.com,20,194.0,2022-09-02,89819.17,True
231,Ashley,Copeland,user231@company.com,2,53.0,2022-07-31,62046.75,True
232,Jared,Boyd,user232@company.com,10,113.0,2025-07-12,135701.59,True
233,Erin,Lewis,user233@company.com,4,8.0,2021-06-10,146777.62,False
234,Ashley,Mejia,user234@company.com,8,182.0,2023-10-26,49005.38,False
235,Jeffrey,Wood,user235@company.com,1,142.0,2019-07-25,78958.88,True
236,Amber,Bird,user236@company.com,4,119.0,2025-12-03,143647.29,True
237,John,Romero,user237@company.com,16,184.0,2020-11-01,65023.39,True
238,Jean,Miller,user238@company.com,14,214.0,2022-03-02,87899.95,True
239,William,Nelson,user239@company.com,8,117.0,2022-11-19,96151.81,True
240,David,Jordan,user240@company.com,7,236.0,2021-04-17,101925.31,True
241,Jonathan,Bryant,user241@company.com,3,71.0,2020-02-18,122721.02,True
242,Christopher,Butler,user242@company.com,11,240.0,2021-11-10,124526.09,True
243,Ashley,James,user243@company.com,1,73.0,2018-10-02,117126.12,False
244,Daniel,Gonzalez,user244@company.com,19,169.0,2018-10-08,88756.84,True
245,Tamara,Hall,user245@company.com,15,138.0,2022-09-23,88120.97,True
246,Susan,Hernandez,user246@company.com,18,196.0,2023-09-07,95211.61,True
247,Angie,Taylor,user247@company.com,11,223.0,2020-07-16,52638.28,True
248,William,Olson,user248@company.com,19,99.0,2020-03-08,58027.49,True
249,Andrea,Hubbard,user249@company.com,2,82.0,2022-03-26,119364.62,True
250,Steven,Smith,user250@company.com,13,170.0,2023-03-23,125087.24,True
251,Gregory,Adams,user251@company.com,16,247.0,2018-05-31,34442.35,False
252,Christina,Allen,user252@company.com,19,85.0,2018-12-01,134364.04,True
253,Gerald,Watts,user253@company.com,4,135.0,2022-06-17,139253.0,True
254,Leslie,Drake,user254@company.com,5,105.0,2022-04-25,134511.96,True
255,Amy,Lopez,user255@company.com,3,121.0,2020-01-12,123783.03,True
256,Breanna,Gamble,user256@company.com,11,160.0,2018-12-30,113124.55,True
257,Raymond,Johnson,user257@company.com,11,195.0,2020-10-09,144496.75,True
258,Jason,Ruiz,user258@company.com,18,19.0,2024-03-24,104095.14,True
259,Rachel,Oconnor,user259@company.com,10,117.0,2023-09-26,119611.96,True
260,Thomas,Baker,user260@company.com,4,52.0,2019-02-10,83241.43,True
261,Michael,Garcia,user261@company.com,1,24.0,2025-10-29,68924.96,True
262,Erik,Dixon,user262@company.com,10,184.0,2019-09-24,74980.93,True
263,William,Martin,user263@company.com,8,211.0,2024-10-21,97911.37,True
264,Jennifer,Woods,user264@company.com,6,90.0,2020-10-24,39476.2,True
265,Veronica,Bryant,user265@company.com,20,124.0,2024-09-25,89720.07,False
266,Andrew,Mcdowell,user266@company.com,5,119.0,2021-01-23,85337.99,True
267,Lisa,Keller,user267@company.com,15,131.0,2022-10-30,110020.89,True
268,Mary,Banks,user268@company.com,10,81.0,2022-12-26,38863.43,True
269,Donald,Harper,user269@company.com,19,154.0,2018-12-15,106672.64,True
270,Amy,Black,user270@company.com,9,234.0,2026-01-03,131436.47,True
271,Tiffany,James,user271@company.com,13,248.0,2018-06-04,42798.39,True
272,Jessica,Pennington,user272@company.com,19,184.0,2024-09-17,98977.43,True
273,Alex,Russell,user273@company.com,1,203.0,2023-08-10,62937.65,False
274,Michael,Reyes,user274@company.com,2,255.0,2025-06-10,129940.67,True
275,Angela,Wilson,user275@company.com,8,181.0,2019-01-25,56280.54,True
276,Toni,Richardson,user276@company.com,20,129.0,2023-04-14,111331.74,True
277,Wendy,Olson,user277@company.com,4,21.0,2022-03-25,67071.95,True
278,Timothy,Miller,user278@company.com,2,187.0,2022-08-24,117883.17,True
279,Tina,Brown,user279@company.com,10,168.0,2019-05-20,119697.7,True
280,Alyssa,Patterson,user280@company.com,7,68.0,2025-03-21,124381.54,True
281,Rebecca,Young,user281@company.com,17,257.0,2023-06-19,139618.44,True
282,Jason,Moreno,user282@company.com,9,247.0,2020-11-06,146086.09,True
283,Carla,Parker,user283@company.com,11,59.0,2024-10-08,86199.77,True
284,Amber,Burke,user284@company.com,5,116.0,2025-01-06,133216.87,True
285,Ronald,Davis,user285@company.com,18,188.0,2025-07-04,40836.35,True
286,Michael,Aguilar,user286@company.com,1,136.0,2022-10-31,94388.68,True
287,Theresa,Cook,user287@company.com,12,135.0,2020-03-10,100147.21,True
288,Timothy,Ward,user288@company.com,4,120.0,2023-03-31,86577.22,False
289,Maria,Zimmerman,user289@company.com,18,168.0,2023-04-20,139830.71,True
290,Andrea,Miller,user290@company.com,3,238.0,2024-11-14,139126.52,True
291,Ashley,Sanchez,user291@company.com,14,60.0,2022-12-29,46773.24,True
292,Richard,Parks,user292@company.com,10,253.0,2025-12-06,43934.46,True
293,Ashley,Anderson,user293@company.com,18,70.0,2022-06-14,76637.5,True
294,Kimberly,Greer,user294@company.com,18,215.0,2021-06-02,100480.84,True
295,Kelli,Howard,user295@company.com,14,51.0,2025-03-22,130043.17,False
296,James,Jones,user296@company.com,14,144.0,2023-10-14,33925.95,True
297,Isaiah,Johnson,user297@company.com,7,228.0,2023-02-22,83363.5,True
298,Jack,Griffith,user298@company.com,12,51.0,2019-12-28,147711.33,True
299,Andrew,Hill,user299@company.com,18,184.0,2022-11-07,37266.01,True
300,Jessica,Bryant,user300@company.com,7,63.0,2024-12-16,143881.29,True
301,Jake,Sullivan,user301@company.com,3,109.0,2023-03-30,107004.54,False
302,Molly,Santos,user302@company.com,1,26.0,2018-08-02,124415.35,True
303,Maria,Lane,user303@company.com,5,290.0,2021-05-03,54624.67,False
304,Richard,Hawkins,user304@company.com,7,301.0,2023-09-16,55914.16,True
305,Ashley,Taylor,user305@company.com,11,76.0,2018-08-05,124637.25,False
306,Clinton,Delacruz,user306@company.com,1,142.0,2020-08-11,133008.74,True
307,Sheena,Diaz,user307@company.com,5,277.0,2023-12-25,60078.5,True
308,Joseph,Taylor,user308@company.com,4,14.0,2020-02-18,45816.39,True
309,Brett,Key,user309@company.com,8,302.0,2024-08-20,68852.58,True
310,Ryan,Reed,user310@company.com,9,27.0,2023-08-30,45211.03,True
311,Molly,Johnson,user311@company.com,17,59.0,2020-01-29,119479.83,True
312,Lindsay,Bennett,user312@company.com,15,186.0,2024-01-09,91588.55,True
313,Tina,Jimenez,user313@company.com,15,258.0,2023-06-29,56585.97,False
314,Donna,Jones,user314@company.com,2,267.0,2024-07-15,66195.64,True
315,Patricia,Miller,user315@company.com,2,246.0,2026-03-19,131675.83,True
316,Valerie,Holland,user316@company.com,4,252.0,2024-08-17,115488.16,True
317,Nathaniel,Bowman,user317@company.com,3,42.0,2021-05-29,68653.42,True
318,Rhonda,Walker,user318@company.com,3,65.0,2025-07-15,63001.92,False
319,Holly,Fox,user319@company.com,18,167.0,2022-11-22,75708.53,False
320,David,Jackson,user320@company.com,17,151.0,2019-05-09,84445.85,False
321,Paige,Hensley,user321@company.com,14,51.0,2023-09-26,125171.53,True
322,Lisa,Williams,user322@company.com,18,111.0,2021-09-09,81608.39,True
323,Daniel,Mendoza,user323@company.com,14,174.0,2019-07-15,129290.31,True
324,Tonya,Chambers,user324@company.com,14,49.0,2022-11-15,67505.8,True
325,Sharon,Howell,user325@company.com,9,192.0,2025-02-15,144431.1,True
326,Jennifer,Ramirez,user326@company.com,3,47.0,2025-12-29,129812.63,True
327,Jessica,Burke,user327@company.com,14,50.0,2024-06-17,119350.68,True
328,Kristy,Wang,user328@company.com,5,285.0,2021-09-03,37197.72,False
329,Megan,Valdez,user329@company.com,18,169.0,2024-07-17,110401.59,True
330,James,Spencer,user330@company.com,12,217.0,2022-04-07,134171.06,True
331,Savannah,Dixon,user331@company.com,10,308.0,2026-04-14,67493.87,True
332,Eric,Atkinson,user332@company.com,19,260.0,2023-02-06,55528.66,True
333,Stephanie,Mathis,user333@company.com,8,56.0,2023-11-23,72013.68,False
334,Jonathan,Zuniga,user334@company.com,12,59.0,2025-09-25,121512.68,False
335,Marilyn,Gordon,user335@company.com,8,220.0,2021-01-05,131418.62,False
336,Tammy,Owens,user336@company.com,20,330.0,2025-05-09,96808.77,False
337,James,Hodge,user337@company.com,9,15.0,2024-12-20,51649.93,True
338,Marissa,Lee,user338@company.com,11,180.0,2022-04-16,30732.69,True
339,Alicia,Holder,user339@company.com,19,337.0,2024-05-05,78094.12,True
340,Kevin,Rivera,user340@company.com,1,47.0,2025-07-28,119533.41,True
341,Zachary,Baker,user341@company.com,13,215.0,2019-07-07,84437.49,True
342,Roger,Avila,user342@company.com,12,160.0,2019-04-30,116591.52,False
343,Matthew,Brown,user343@company.com,20,44.0,2025-10-07,136001.06,True
344,Tara,Rodriguez,user344@company.com,6,317.0,2022-04-14,35971.5,True
345,Christopher,Jones,user345@company.com,9,227.0,2026-02-27,109432.64,True
346,Megan,Hodge,user346@company.com,20,227.0,2021-01-22,79702.05,True
347,Michael,Christensen,user347@company.com,17,59.0,2026-04-10,71420.74,True
348,Thomas,Byrd,user348@company.com,10,304.0,2020-02-18,88395.93,True
349,Gary,Taylor,user349@company.com,2,113.0,2020-02-08,77431.61,False
350,Zachary,Baker,user350@company.com,2,4.0,2026-02-28,54530.77,True
351,Amy,Anderson,user351@company.com,5,131.0,2024-06-05,64733.66,True
352,Gregory,Mcdowell,user352@company.com,1,255.0,2022-09-07,119641.69,True
353,Clayton,Price,user353@company.com,5,195.0,2024-04-14,93909.88,True
354,Debra,Hall,user354@company.com,17,287.0,2021-08-16,130002.5,True
355,Natalie,Hunt,user355@company.com,3,204.0,2022-08-25,133411.72,True
356,Megan,Watson,user356@company.com,14,10.0,2023-03-15,85170.51,True
357,Kevin,Stephens,user357@company.com,11,295.0,2020-01-06,81514.11,True
358,Neil,Mccullough,user358@company.com,14,149.0,2022-07-01,43820.8,True
359,Jerry,Frost,user359@company.com,11,88.0,2023-05-27,126158.66,False
360,Joseph,Rivera,user360@company.com,15,354.0,2021-01-23,140372.37,True
361,Kristen,Abbott,user361@company.com,14,55.0,2025-12-28,59197.98,False
362,Billy,Sanchez,user362@company.com,13,269.0,2022-08-29,39437.65,True
363,Anthony,Stanley,user363@company.com,11,114.0,2026-02-16,69968.23,True
364,Jennifer,Harmon,user364@company.com,3,262.0,2023-08-09,105986.96,False
365,Scott,Russo,user365@company.com,17,100.0,2025-09-08,138710.73,True
366,Eduardo,Nguyen,user366@company.com,12,331.0,2020-07-01,127804.44,True
367,David,Church,user367@company.com,4,75.0,2018-12-28,60716.19,True
368,Kathleen,Ewing,user368@company.com,20,79.0,2022-04-03,121225.84,True
369,Stephen,Golden,user369@company.com,6,322.0,2022-11-04,89294.04,False
370,Jessica,Wilson,user370@company.com,19,230.0,2019-02-25,111736.02,False
371,Robert,Singh,user371@company.com,20,166.0,2023-06-17,133709.62,True
372,John,Thomas,user372@company.com,5,226.0,2022-03-15,38194.35,True
373,Kelly,Webster,user373@company.com,10,141.0,2025-07-11,100970.37,True
374,Heather,Anderson,user374@company.com,17,38.0,2021-06-19,67248.94,True
375,Emily,Medina,user375@company.com,2,30.0,2019-06-28,74248.51,True
376,Maurice,Shelton,user376@company.com,3,331.0,2025-12-14,133710.0,True
377,Benjamin,Phillips,user377@company.com,20,305.0,2026-03-04,90848.14,True
378,Travis,Good,user378@company.com,19,284.0,2021-08-13,144507.78,True
379,Luis,Frank,user379@company.com,15,293.0,2022-06-16,108220.49,True
380,Seth,Taylor,user380@company.com,20,244.0,2023-03-09,90164.08,True
381,Hector,Norris,user381@company.com,15,53.0,2025-05-16,127316.02,True
382,Brandy,Tapia,user382@company.com,3,259.0,2021-12-11,107535.25,True
383,Nancy,Hansen,user383@company.com,8,363.0,2023-11-25,82530.99,True
384,Michael,Mendez,user384@company.com,17,268.0,2018-07-16,103176.65,True
385,Ruben,Moore,user385@company.com,12,145.0,2025-02-04,76489.99,True
386,Omar,Chen,user386@company.com,20,27.0,2020-06-18,124707.23,True
387,Latoya,Wright,user387@company.com,3,169.0,2020-10-08,41340.71,True
388,Timothy,Smith,user388@company.com,10,130.0,2019-11-29,116848.04,False
389,Kevin,Shannon,user389@company.com,5,171.0,2018-12-03,39780.24,True
390,Edwin,Perez,user390@company.com,12,159.0,2022-11-21,146123.58,True
391,Jason,Frank,user391@company.com,5,305.0,2020-10-09,115060.08,True
392,Jessica,Mullins,user392@company.com,10,287.0,2023-12-26,75201.52,True
393,Jennifer,Abbott,user393@company.com,5,344.0,2020-10-22,114339.7,False
394,Melissa,Johnson,user394@company.com,3,331.0,2018-11-09,110454.72,False
395,Julia,Thomas,user395@company.com,12,10.0,2018-09-29,73511.72,True
396,Kimberly,Ortiz,user396@company.com,7,175.0,2023-03-29,143720.19,True
397,Shane,Walter,user397@company.com,7,116.0,2024-03-07,149997.19,True
398,Janet,Perez,user398@company.com,3,152.0,2024-09-12,131331.41,True
399,Willie,Fisher,user399@company.com,17,395.0,2022-05-10,94772.49,False
400,Anna,Brown,user400@company.com,2,339.0,2020-10-19,70411.72,False
401,Brian,Anderson,user401@company.com,5,306.0,2022-09-15,75206.38,True
402,Amanda,Lewis,user402@company.com,6,355.0,2021-02-22,122531.74,True
403,Raymond,Smith,user403@company.com,15,23.0,2022-08-02,79303.03,True
404,Thomas,Lowe,user404@company.com,15,313.0,2022-03-24,64191.35,True
405,Kayla,Anderson,user405@company.com,8,274.0,2023-01-13,58700.22,True
406,Mario,Foley,user406@company.com,7,189.0,2023-03-22,111396.82,False
407,Joseph,Robinson,user407@company.com,15,237.0,2021-02-28,122332.63,True
408,Glen,Lowe,user408@company.com,17,271.0,2022-03-22,80239.3,True
409,Jerry,Love,user409@company.com,7,310.0,2024-06-23,46607.82,True
410,Carol,Flores,user410@company.com,2,329.0,2019-02-09,87670.88,True
411,Lisa,Barnett,user411@company.com,18,53.0,2018-11-08,115368.12,False
412,Tim,Marsh,user412@company.com,4,146.0,2023-07-01,40065.02,True
413,Crystal,Vasquez,user413@company.com,9,231.0,2020-06-16,138636.75,True
414,Ann,Sutton,user414@company.com,14,47.0,2019-06-24,143569.59,True
415,Albert,Roy,user415@company.com,15,179.0,2021-07-20,141656.63,True
416,Cheryl,Ortiz,user416@company.com,2,203.0,2023-07-01,90240.85,True
417,Emily,Hanna,user417@company.com,13,42.0,2023-09-04,74989.52,True
418,Randy,Ruiz,user418@company.com,11,51.0,2023-05-05,130701.15,True
419,Samuel,May,user419@company.com,5,71.0,2022-04-14,34596.38,True
420,Steven,Woodward,user420@company.com,5,389.0,2019-07-08,114664.34,True
421,Michael,Savage,user421@company.com,20,3.0,2020-03-05,138702.9,True
422,Rachel,Marshall,user422@company.com,9,111.0,2018-09-24,130195.57,False
423,Kyle,Clark,user423@company.com,20,271.0,2024-03-09,80790.57,True
424,Dean,Sellers,user424@company.com,8,155.0,2019-09-01,44621.8,True
425,William,Hooper,user425@company.com,14,328.0,2019-06-01,125267.89,True
426,Ricky,King,user426@company.com,3,57.0,2020-10-04,130402.53,True
427,Dorothy,Griffin,user427@company.com,20,275.0,2023-05-25,31972.24,False
428,Todd,Harris,user428@company.com,19,124.0,2020-09-08,116225.32,True
429,Jennifer,Rodriguez,user429@company.com,14,1.0,2022-08-30,103777.15,True
430,Christy,Bennett,user430@company.com,19,214.0,2021-09-08,52477.67,True
431,Sean,Hill,user431@company.com,17,185.0,2025-06-24,38121.52,False
432,Bradley,Jones,user432@company.com,18,260.0,2021-03-10,124369.48,False
433,Katherine,Thompson,user433@company.com,18,11.0,2026-03-06,76854.45,True
434,Thomas,Barnett,user434@company.com,2,326.0,2022-12-25,76425.76,True
435,Maria,Barnes,user435@company.com,9,383.0,2026-02-01,31949.07,True
436,Kenneth,Thomas,user436@company.com,12,124.0,2023-08-05,117952.92,True
437,Vicki,Levy,user437@company.com,19,377.0,2019-06-04,120801.47,True
438,Kelly,Schmidt,user438@company.com,2,181.0,2019-04-25,95521.65,True
439,Victoria,Turner,user439@company.com,15,357.0,2020-01-07,87423.74,True
440,Jo,Black,user440@company.com,5,33.0,2019-12-04,115925.41,True
441,Kevin,Gallagher,user441@company.com,2,151.0,2025-07-24,54190.92,True
442,Matthew,Powell,user442@company.com,2,162.0,2019-01-29,142004.52,False
443,Patrick,Barton,user443@company.com,13,418.0,2022-08-13,95163.68,True
444,Erica,Patterson,user444@company.com,2,386.0,2020-05-26,107628.06,True
445,Nancy,Ross,user445@company.com,12,442.0,2025-07-16,123700.99,True
446,Andrea,Nunez,user446@company.com,9,64.0,2021-07-29,125921.09,True
447,Stephen,Martin,user447@company.com,13,381.0,2019-05-22,82768.4,True
448,Curtis,Ross,user448@company.com,11,96.0,2021-03-17,89544.39,True
449,James,Savage,user449@company.com,12,409.0,2020-10-04,92313.1,True
450,Roger,Davis,user450@company.com,14,41.0,2020-12-28,81672.86,True
451,Donald,Cervantes,user451@company.com,18,151.0,2020-09-21,68545.37,True
452,Michael,Moreno,user452@company.com,11,339.0,2018-11-20,65476.79,True
453,Joel,Hampton,user453@company.com,20,368.0,2022-07-15,81133.93,True
454,Sean,Harvey,user454@company.com,12,229.0,2026-02-01,35082.62,True
455,Christopher,Young,user455@company.com,20,223.0,2020-07-23,62946.64,True
456,Heather,Knight,user456@company.com,3,344.0,2026-03-17,106501.5,True
457,Amber,Morales,user457@company.com,17,411.0,2025-05-05,119987.76,True
458,Laura,Jordan,user458@company.com,1,74.0,2018-11-24,131840.32,True
459,Micheal,Smith,user459@company.com,2,65.0,2022-05-21,38068.0,True
460,Gregory,Nash,user460@company.com,12,197.0,2018-10-03,143936.05,True
461,Lori,Carson,user461@company.com,20,79.0,2019-06-16,111487.45,True
462,Jill,Fox,user462@company.com,12,228.0,2019-11-07,121570.14,False
463,Sonya,Hicks,user463@company.com,5,272.0,2021-05-08,74033.99,True
464,Linda,Crosby,user464@company.com,9,128.0,2021-07-28,145262.41,True
465,Julia,Phillips,user465@company.com,6,256.0,2024-11-07,92129.43,False
466,Diane,Hurst,user466@company.com,4,135.0,2024-10-11,122995.74,True
467,Lori,James,user467@company.com,7,314.0,2024-02-16,64269.23,True
468,Richard,Bennett,user468@company.com,7,63.0,2024-12-20,46287.41,True
469,Brenda,Bailey,user469@company.com,15,89.0,2019-11-06,137841.48,True
470,Lauren,White,user470@company.com,3,415.0,2025-04-13,111831.51,True
471,Brandon,Morgan,user471@company.com,12,364.0,2024-08-24,37792.69,False
472,Timothy,Nunez,user472@company.com,10,457.0,2025-11-23,65994.8,True
473,Virginia,Reynolds,user473@company.com,6,407.0,2019-06-01,73379.06,True
474,Richard,Foster,user474@company.com,4,103.0,2025-08-11,125047.88,True
475,Jennifer,Wilson,user475@company.com,16,14.0,2023-07-17,73307.58,False
476,Melissa,Ortega,user476@company.com,12,240.0,2020-08-07,126439.41,False
477,Bryan,Wong,user477@company.com,5,314.0,2022-10-04,136109.57,True
478,Gabriel,Allen,user478@company.com,10,204.0,2025-08-24,149951.41,True
479,Alexis,Moon,user479@company.com,17,211.0,2019-11-25,122299.75,False
480,Joseph,Washington,user480@company.com,3,65.0,2018-12-22,146685.57,True
481,Holly,Robbins,user481@company.com,15,239.0,2022-09-02,111613.08,True
482,Karen,Roberts,user482@company.com,5,450.0,2018-11-19,129486.45,False
483,Ashley,Montgomery,user483@company.com,19,94.0,2022-03-28,122133.8,True
484,Matthew,Williams,user484@company.com,14,258.0,2024-10-29,139285.47,True
485,Michelle,Branch,user485@company.com,4,266.0,2020-04-04,48361.86,True
486,Shawn,Cox,user486@company.com,6,166.0,2023-08-03,142168.54,True
487,Judy,Holloway,user487@company.com,12,486.0,2025-04-06,142908.49,True
488,Megan,Smith,user488@company.com,3,129.0,2026-03-16,53556.23,False
489,Erica,Rojas,user489@company.com,9,65.0,2025-12-31,105002.68,False
490,Amanda,Harris,user490@company.com,18,48.0,2020-02-03,90308.78,True
491,Kristina,Richards,user491@company.com,19,483.0,2020-12-24,99677.58,True
492,David,Ward,user492@company.com,20,369.0,2026-04-21,138240.11,True
493,Katherine,Blackburn,user493@company.com,19,22.0,2022-04-01,129028.35,True
494,James,Miller,user494@company.com,3,24.0,2023-02-26,143825.62,False
495,Joseph,Cook,user495@company.com,9,334.0,2018-06-01,55297.01,False
496,Terri,Deleon,user496@company.com,14,317.0,2026-04-04,106678.94,True
497,Dawn,Payne,user497@company.com,18,149.0,2023-01-31,107028.87,True
498,Alicia,Hicks,user498@company.com,16,126.0,2024-06-10,126562.58,True
499,Carly,Travis,user499@company.com,10,233.0,2019-07-27,38756.76,True
500,Nicholas,Smith,user500@company.com,6,226.0,2023-06-02,79874.61,True
501,Gregory,Jones,user501@company.com,7,175.0,2021-08-19,102799.23,True
502,Patrick,Harrison,user502@company.com,11,376.0,2024-04-23,148562.8,True
503,John,Guerrero,user503@company.com,13,67.0,2021-09-16,121279.8,False
504,Jacob,Fleming,user504@company.com,18,55.0,2024-09-07,68293.91,True
505,Kelly,Swanson,user505@company.com,4,137.0,2021-08-16,83951.52,True
506,Brian,Cannon,user506@company.com,4,26.0,2024-05-08,64825.44,True
507,Mark,Ruiz,user507@company.com,20,215.0,2022-02-25,59792.43,True
508,Mary,Ramirez,user508@company.com,11,479.0,2024-05-20,99322.44,True
509,Christina,Sullivan,user509@company.com,7,391.0,2026-03-18,49121.09,False
510,Luis,Jones,user510@company.com,15,256.0,2019-02-11,135489.08,True
511,Thomas,Jackson,user511@company.com,1,47.0,2024-02-24,143427.94,False
512,Sheila,Robbins,user512@company.com,15,495.0,2026-04-06,58887.44,False
513,Erin,Murphy,user513@company.com,12,50.0,2023-08-03,36064.85,True
514,Patricia,Chan,user514@company.com,20,482.0,2024-07-21,64289.81,True
515,Matthew,Lucero,user515@company.com,4,442.0,2021-01-09,46072.19,True
516,Frank,Watkins,user516@company.com,12,413.0,2020-07-17,73912.48,True
517,Ruth,Green,user517@company.com,2,200.0,2019-04-16,73502.85,True
518,Paula,Morris,user518@company.com,3,396.0,2021-08-24,90510.66,False
519,Karen,Obrien,user519@company.com,9,122.0,2021-08-13,45439.61,True
520,Jon,Calderon,user520@company.com,13,383.0,2023-03-21,125387.67,True
521,Todd,Wheeler,user521@company.com,18,375.0,2026-04-09,120595.82,True
522,Todd,Huerta,user522@company.com,20,412.0,2024-02-14,90009.35,True
523,Mary,Smith,user523@company.com,2,141.0,2019-12-13,115631.02,True
524,Alexandra,Ortiz,user524@company.com,17,468.0,2021-01-11,47872.88,False
525,Jonathan,Dorsey,user525@company.com,5,336.0,2020-07-07,141764.25,True
526,Joshua,Rangel,user526@company.com,6,403.0,2018-12-30,148873.89,True
527,Brian,Ponce,user527@company.com,19,345.0,2020-06-26,90877.8,False
528,Emily,Smith,user528@company.com,18,502.0,2023-08-03,115048.78,True
529,Rachel,Wright,user529@company.com,16,18.0,2022-04-01,74202.94,True
530,Justin,Graham,user530@company.com,14,316.0,2023-02-01,125610.58,True
531,David,Chan,user531@company.com,20,486.0,2025-01-24,61863.65,False
532,Savannah,Cochran,user532@company.com,19,234.0,2019-10-27,116568.01,False
533,Sandra,Smith,user533@company.com,16,175.0,2021-12-22,92907.88,False
534,Angela,King,user534@company.com,13,152.0,2022-02-27,128599.35,True
535,Collin,Flores,user535@company.com,2,113.0,2020-03-04,52894.12,True
536,Randall,Prince,user536@company.com,11,429.0,2022-06-28,48171.75,True
537,Richard,Gross,user537@company.com,14,514.0,2022-06-12,122996.68,True
538,David,Herrera,user538@company.com,2,142.0,2024-08-07,92241.99,False
539,Mercedes,Clark,user539@company.com,11,490.0,2019-10-14,93057.26,True
540,Dale,Shaw,user540@company.com,6,471.0,2020-03-30,139454.9,True
541,Samuel,Monroe,user541@company.com,18,363.0,2025-09-10,111104.23,True
542,Dustin,Lawson,user542@company.com,20,496.0,2019-08-31,53071.7,True
543,Angela,Chandler,user543@company.com,9,306.0,2026-03-12,56984.04,True
544,Brandon,Miller,user544@company.com,10,213.0,2020-09-04,112828.79,True
545,Brandon,Dixon,user545@company.com,11,492.0,2019-04-28,71856.38,True
546,Ryan,Lara,user546@company.com,10,125.0,2026-01-30,98817.22,False
547,Anthony,Hurley,user547@company.com,13,405.0,2024-03-17,128205.3,True
548,John,Smith,user548@company.com,10,44.0,2025-12-24,64515.64,True
549,Thomas,Adkins,user549@company.com,12,453.0,2020-03-23,108716.65,True
550,James,Scott,user550@company.com,7,207.0,2024-08-07,129354.2,True
551,Jennifer,Johnson,user551@company.com,18,279.0,2023-07-22,46472.75,False
552,Carmen,Edwards,user552@company.com,19,246.0,2024-07-04,59094.96,False
553,Jillian,Mccall,user553@company.com,8,239.0,2019-04-01,36298.93,True
554,William,Johnson,user554@company.com,11,484.0,2019-08-04,42065.39,True
555,Anna,Arnold,user555@company.com,1,162.0,2022-01-10,78828.89,True
556,Jeffrey,Allen,user556@company.com,16,205.0,2021-08-16,120709.33,True
557,Gary,Williams,user557@company.com,11,293.0,2026-02-15,107507.75,True
558,Robert,Martin,user558@company.com,19,238.0,2024-01-27,94218.27,True
559,Tyler,Green,user559@company.com,6,428.0,2022-11-20,135869.4,True
560,Amanda,Adams,user560@company.com,2,407.0,2020-09-23,124555.28,True
561,Larry,Quinn,user561@company.com,10,39.0,2018-08-19,31112.06,False
562,Jessica,Barrera,user562@company.com,20,110.0,2021-01-28,141414.58,True
563,Jillian,Juarez,user563@company.com,10,466.0,2019-01-27,148691.94,False
564,Ryan,Munoz,user564@company.com,17,506.0,2019-03-29,136711.2,True
565,James,Gibson,user565@company.com,17,480.0,2025-12-07,62740.45,True
566,Wanda,Moyer,user566@company.com,11,167.0,2025-09-20,117734.31,True
567,Tina,Armstrong,user567@company.com,6,15.0,2021-03-05,118394.15,True
568,Timothy,Peterson,user568@company.com,19,198.0,2019-01-03,51059.39,True
569,Ronald,Coleman,user569@company.com,14,528.0,2018-11-16,69351.2,True
570,Jessica,Huber,user570@company.com,4,190.0,2024-07-18,147802.22,True
571,Trevor,Gray,user571@company.com,11,255.0,2019-05-04,30819.61,True
572,Richard,Burke,user572@company.com,8,458.0,2022-04-02,120450.8,True
573,Kimberly,Johnston,user573@company.com,10,12.0,2018-10-27,61386.38,True
574,Jeffery,Hernandez,user574@company.com,8,64.0,2019-07-11,110134.33,True
575,Linda,Miller,user575@company.com,10,164.0,2023-02-23,78649.99,False
576,Nicole,Garcia,user576@company.com,10,121.0,2019-09-05,106645.36,True
577,Edward,Lara,user577@company.com,12,227.0,2018-05-24,56295.43,True
578,Laura,Zavala,user578@company.com,16,157.0,2018-04-28,84597.44,False
579,Mike,Stout,user579@company.com,12,426.0,2019-09-30,114232.89,True
580,Marc,Rodriguez,user580@company.com,18,224.0,2025-05-13,121423.15,False
581,Emily,Murray,user581@company.com,3,539.0,2022-11-20,83609.76,True
582,Kiara,Ingram,user582@company.com,3,578.0,2022-01-06,43465.05,False
583,Melissa,Jones,user583@company.com,17,208.0,2023-11-29,98724.2,True
584,Sharon,Mclean,user584@company.com,6,336.0,2023-07-07,132538.32,True
585,Nancy,Smith,user585@company.com,4,211.0,2023-01-31,116030.16,True
586,Kenneth,Davis,user586@company.com,3,523.0,2019-03-05,83457.92,True
587,Phyllis,Powell,user587@company.com,15,136.0,2025-03-08,91589.74,True
588,Fernando,Russell,user588@company.com,19,60.0,2020-05-03,97055.66,True
589,Phillip,Valencia,user589@company.com,1,406.0,2024-01-26,60534.87,True
590,Nicole,Lee,user590@company.com,7,75.0,2018-11-08,35434.78,True
591,Garrett,Robertson,user591@company.com,3,555.0,2024-09-25,149294.84,True
592,Kendra,James,user592@company.com,16,33.0,2020-05-03,64450.88,True
593,Dana,Williams,user593@company.com,5,431.0,2018-05-17,74935.31,True
594,Kristin,Morton,user594@company.com,15,387.0,2023-06-27,75077.46,False
595,Casey,Cook,user595@company.com,5,357.0,2023-08-25,44235.98,False
596,Kayla,Martinez,user596@company.com,13,542.0,2022-01-28,45281.65,True
597,Jamie,Mitchell,user597@company.com,1,24.0,2023-03-12,147418.88,True
598,Jonathan,Prince,user598@company.com,18,435.0,2022-02-03,93832.03,True
599,Hannah,Edwards,user599@company.com,8,472.0,2018-09-15,71539.17,True
600,Stephanie,Morrison,user600@company.com,7,116.0,2019-12-17,33866.08,True
601,Lori,Morales,user601@company.com,20,17.0,2021-10-09,58879.96,True
602,Mike,Nguyen,user602@company.com,4,35.0,2019-04-27,83572.93,True
603,Patrick,Mejia,user603@company.com,8,46.0,2021-11-09,78271.84,True
604,Samantha,Clark,user604@company.com,18,223.0,2022-12-07,120526.29,True
605,Elizabeth,Chapman,user605@company.com,5,516.0,2024-11-01,149218.01,True
606,Julia,Harris,user606@company.com,19,327.0,2019-02-05,99296.98,True
607,Jennifer,Wilson,user607@company.com,8,310.0,2022-02-01,135151.0,False
608,Cassandra,Yates,user608@company.com,8,424.0,2020-01-17,66060.11,True
609,Kathryn,Duarte,user609@company.com,18,606.0,2026-04-13,135565.67,True
610,Christian,Pitts,user610@company.com,14,570.0,2024-06-01,89474.49,True
611,Kerri,Weaver,user611@company.com,13,538.0,2024-11-12,68248.13,True
612,Nicholas,Collins,user612@company.com,14,153.0,2026-03-05,65986.62,True
613,Cassidy,Adams,user613@company.com,18,485.0,2018-12-26,58916.18,True
614,Barbara,Reed,user614@company.com,10,148.0,2019-04-06,126693.14,True
615,Sandra,Silva,user615@company.com,18,423.0,2021-10-02,146134.34,False
616,Rachel,Brown,user616@company.com,17,138.0,2021-12-13,76610.29,True
617,April,Roberts,user617@company.com,7,339.0,2018-06-01,107604.7,True
618,April,Stevens,user618@company.com,12,95.0,2018-05-28,94276.26,True
619,Edward,Evans,user619@company.com,2,275.0,2022-02-09,75260.16,False
620,Karen,Gonzalez,user620@company.com,20,41.0,2023-09-29,134834.46,True
621,Adam,Long,user621@company.com,19,573.0,2019-07-03,56041.98,True
622,Heather,Valencia,user622@company.com,11,311.0,2025-11-27,144842.37,True
623,Monica,Allen,user623@company.com,7,195.0,2020-12-21,145449.31,True
624,Jocelyn,Taylor,user624@company.com,16,249.0,2023-06-24,113475.15,True
625,Jerry,Flores,user625@company.com,13,246.0,2022-04-02,96249.52,True
626,Bridget,Matthews,user626@company.com,13,478.0,2025-12-17,94038.02,True
627,Susan,Martinez,user627@company.com,10,268.0,2025-03-12,73157.35,True
628,Perry,Delacruz,user628@company.com,15,101.0,2019-03-24,126337.99,True
629,Lori,Knight,user629@company.com,11,209.0,2022-09-21,74484.59,True
630,Keith,Lawson,user630@company.com,2,577.0,2025-03-15,133690.18,True
631,Katie,Robinson,user631@company.com,1,268.0,2025-07-29,96397.39,False
632,Tracy,Pruitt,user632@company.com,19,428.0,2021-11-05,65423.07,True
633,Sophia,Hill,user633@company.com,11,236.0,2023-05-24,75580.77,True
634,Melody,Matthews,user634@company.com,16,564.0,2019-01-04,108552.96,True
635,Catherine,Ward,user635@company.com,9,501.0,2020-10-01,145980.99,True
636,Kevin,Proctor,user636@company.com,15,173.0,2023-11-30,117932.67,True
637,Todd,Humphrey,user637@company.com,6,144.0,2021-05-22,116437.62,True
638,Amanda,Leon,user638@company.com,6,556.0,2021-02-09,148838.82,True
639,Tammie,Grant,user639@company.com,17,35.0,2022-09-27,130688.22,True
640,Erin,Jones,user640@company.com,2,7.0,2023-12-15,79487.07,True
641,Barbara,Wallace,user641@company.com,3,155.0,2023-06-22,31096.98,False
642,Amanda,Gomez,user642@company.com,15,383.0,2021-06-13,37254.01,False
643,Joseph,Rios,user643@company.com,16,500.0,2023-05-15,31887.81,False
644,Martin,Morgan,user644@company.com,18,422.0,2020-02-10,31422.12,False
645,Gregg,Hill,user645@company.com,9,549.0,2022-04-28,147297.52,True
646,Matthew,Perez,user646@company.com,17,441.0,2019-07-24,126740.12,True
647,Erica,Lutz,user647@company.com,4,99.0,2025-10-28,92926.25,True
648,Sarah,Owens,user648@company.com,7,635.0,2020-07-30,93174.72,True
649,Bryan,Wright,user649@company.com,9,407.0,2023-12-05,39482.31,True
650,Thomas,Jones,user650@company.com,15,579.0,2018-09-30,59184.95,True
651,Troy,Daniels,user651@company.com,10,83.0,2023-01-04,108448.29,True
652,Kayla,Valdez,user652@company.com,3,416.0,2023-06-12,75511.68,False
653,Sabrina,Rosario,user653@company.com,16,58.0,2019-02-26,106409.77,True
654,Phillip,Hopkins,user654@company.com,3,512.0,2023-07-09,131439.58,True
655,Dakota,Christian,user655@company.com,19,98.0,2018-09-13,137374.95,True
656,Felicia,Anderson,user656@company.com,8,217.0,2019-06-29,138152.76,False
657,Nathan,Mora,user657@company.com,16,278.0,2025-07-22,35587.44,True
658,Barbara,Gallagher,user658@company.com,9,557.0,2024-07-16,97621.18,True
659,Katherine,Lambert,user659@company.com,6,323.0,2024-01-16,31878.97,True
660,David,Edwards,user660@company.com,19,148.0,2020-03-21,120270.54,True
661,Whitney,White,user661@company.com,3,307.0,2021-05-31,49494.03,True
662,Robert,Rios,user662@company.com,19,399.0,2023-07-05,111244.2,False
663,Emily,Smith,user663@company.com,11,394.0,2023-02-12,120673.11,True
664,Stephanie,Shah,user664@company.com,3,513.0,2021-02-28,119454.79,True
665,Morgan,Fuller,user665@company.com,2,101.0,2019-08-08,82450.59,True
666,Julia,West,user666@company.com,11,620.0,2021-02-14,122280.68,False
667,Gloria,Hart,user667@company.com,13,335.0,2024-10-30,33555.08,True
668,Danny,Porter,user668@company.com,15,503.0,2019-01-13,57376.61,False
669,Nicole,Garcia,user669@company.com,13,443.0,2021-08-19,52288.54,False
670,Joshua,Jones,user670@company.com,13,88.0,2023-02-02,122660.09,True
671,Kristie,Robinson,user671@company.com,8,76.0,2021-10-25,39844.56,True
672,Amy,Pierce,user672@company.com,13,650.0,2021-04-20,48513.23,True
673,Christopher,Bryant,user673@company.com,11,370.0,2023-03-09,42786.11,True
674,Jennifer,Williams,user674@company.com,10,456.0,2026-02-16,73190.1,True
675,Gregory,Berger,user675@company.com,4,136.0,2021-09-16,40475.67,True
676,Jeremiah,Sparks,user676@company.com,15,571.0,2019-10-03,96568.8,True
677,Annette,Mcguire,user677@company.com,4,27.0,2020-06-11,40754.26,False
678,Jason,Olson,user678@company.com,3,612.0,2018-04-27,101765.26,True
679,Matthew,Ortiz,user679@company.com,13,13.0,2018-10-03,65021.68,True
680,Stacey,Carter,user680@company.com,3,573.0,2021-03-24,138624.91,True
681,David,Miller,user681@company.com,19,534.0,2019-05-03,50349.95,True
682,Calvin,Ewing,user682@company.com,6,143.0,2022-11-05,62270.28,True
683,Zachary,Davila,user683@company.com,16,150.0,2019-01-11,37592.06,True
684,Martin,Mendoza,user684@company.com,9,432.0,2022-10-12,65970.27,True
685,Jonathan,Burke,user685@company.com,12,258.0,2019-10-24,143306.68,True
686,Joseph,Taylor,user686@company.com,20,632.0,2020-07-05,53465.79,True
687,Wendy,Porter,user687@company.com,5,312.0,2025-07-24,30812.08,True
688,Ashley,Williams,user688@company.com,11,636.0,2022-12-03,75586.79,True
689,Jessica,Brown,user689@company.com,15,343.0,2023-03-29,81673.95,False
690,Patrick,Galvan,user690@company.com,5,308.0,2024-04-04,68479.82,True
691,Lindsey,Vargas,user691@company.com,16,322.0,2024-03-22,51316.47,True
692,Gerald,Terry,user692@company.com,11,299.0,2020-10-08,118184.92,True
693,Matthew,Nguyen,user693@company.com,19,249.0,2022-11-12,69106.35,True
694,Mark,Myers,user694@company.com,13,374.0,2021-03-15,43666.54,False
695,Kristi,Hansen,user695@company.com,7,607.0,2024-12-23,149671.79,True
696,Taylor,Miranda,user696@company.com,18,28.0,2023-10-03,144360.55,True
697,Leslie,Patrick,user697@company.com,7,449.0,2020-07-18,125722.26,True
698,Anne,Hartman,user698@company.com,14,690.0,2025-03-28,89916.39,True
699,Jonathan,Fitzgerald,user699@company.com,8,259.0,2020-01-08,109039.56,True
700,Lisa,Chambers,user700@company.com,13,76.0,2023-08-11,83888.01,False
701,Christopher,Lutz,user701@company.com,16,597.0,2020-08-05,78096.61,False
702,Kimberly,Williams,user702@company.com,14,557.0,2022-04-27,34411.82,True
703,Kelly,Gonzalez,user703@company.com,18,609.0,2018-06-03,106581.64,True
704,John,Butler,user704@company.com,4,255.0,2024-12-16,108912.2,True
705,Lawrence,Moore,user705@company.com,6,663.0,2024-02-21,103521.35,False
706,Jenna,Smith,user706@company.com,13,340.0,2025-10-04,145886.01,True
707,Jeremy,Stephens,user707@company.com,4,11.0,2022-06-15,41832.79,True
708,Amy,Nguyen,user708@company.com,17,532.0,2020-11-26,96959.21,False
709,Gregory,Nelson,user709@company.com,8,457.0,2019-06-12,74894.35,True
710,James,Jones,user710@company.com,19,708.0,2024-05-23,90055.89,True
711,Derek,Stokes,user711@company.com,1,495.0,2025-02-10,42545.92,True
712,Jennifer,Fitzgerald,user712@company.com,3,119.0,2018-05-31,129758.13,True
713,Jacqueline,Turner,user713@company.com,12,320.0,2021-08-20,71168.0,True
714,Aaron,Gomez,user714@company.com,17,495.0,2025-04-04,71796.04,True
715,Ricky,Steele,user715@company.com,15,714.0,2018-05-18,84293.66,True
716,Teresa,Gonzalez,user716@company.com,10,46.0,2019-08-23,127222.31,True
717,Eugene,Allison,user717@company.com,1,352.0,2024-12-07,107756.39,True
718,Crystal,Griffin,user718@company.com,8,529.0,2019-08-04,50934.39,True
719,Brooke,Cantu,user719@company.com,11,574.0,2022-11-17,81164.33,True
720,John,Gallegos,user720@company.com,8,415.0,2023-10-09,105571.24,True
721,Jessica,Simmons,user721@company.com,14,406.0,2024-11-15,33503.07,False
722,Jessica,Snyder,user722@company.com,7,461.0,2024-11-21,101064.38,True
723,Cynthia,Garcia,user723@company.com,1,722.0,2020-02-10,55775.53,True
724,Regina,Escobar,user724@company.com,3,592.0,2021-02-22,42210.25,False
725,Michael,Guerrero,user725@company.com,6,375.0,2021-02-17,69118.19,True
726,Chris,Brown,user726@company.com,4,269.0,2025-05-16,110484.17,True
727,James,Mitchell,user727@company.com,17,655.0,2025-02-04,67608.49,True
728,Tony,Odonnell,user728@company.com,20,402.0,2019-11-26,100440.57,True
729,Brittany,Bush,user729@company.com,12,469.0,2024-07-30,104083.52,True
730,John,Lindsey,user730@company.com,20,605.0,2022-02-02,40170.24,True
731,Rebecca,Alvarado,user731@company.com,11,121.0,2024-01-27,58628.73,True
732,Kathleen,Hamilton,user732@company.com,6,383.0,2020-12-08,113212.39,False
733,Amy,Thomas,user733@company.com,13,429.0,2022-02-13,101571.1,False
734,Caitlin,Brown,user734@company.com,13,434.0,2018-06-04,52290.44,False
735,Patricia,Dunn,user735@company.com,6,569.0,2019-11-02,50023.86,True
736,Brenda,Parker,user736@company.com,5,192.0,2025-01-04,67749.6,True
737,Sandra,Scott,user737@company.com,20,55.0,2023-04-14,133862.67,True
738,Emily,Cooper,user738@company.com,16,140.0,2019-10-11,53415.42,True
739,John,Hill,user739@company.com,18,518.0,2021-12-23,108368.37,True
740,Gabriel,Ramos,user740@company.com,16,426.0,2023-03-12,115217.08,True
741,David,Crosby,user741@company.com,16,172.0,2023-05-18,39920.48,True
742,Rebecca,Perry,user742@company.com,8,300.0,2023-08-25,33923.41,True
743,Cassandra,Blanchard,user743@company.com,18,296.0,2024-04-12,50185.08,True
744,Ashley,Edwards,user744@company.com,19,508.0,2021-03-27,95967.14,True
745,Jamie,Moses,user745@company.com,19,117.0,2019-05-23,62146.67,False
746,Kimberly,Pena,user746@company.com,12,556.0,2022-12-23,128713.31,True
747,Thomas,Contreras,user747@company.com,15,560.0,2023-12-06,56225.03,True
748,Kimberly,Kim,user748@company.com,4,670.0,2022-02-02,120161.46,True
749,Kathy,Rodriguez,user749@company.com,2,461.0,2019-02-07,61537.83,True
750,Jennifer,Cameron,user750@company.com,15,121.0,2019-10-13,123075.8,True
751,Lindsay,Campbell,user751@company.com,7,603.0,2022-04-30,112696.03,False
752,Andrea,Hampton,user752@company.com,14,170.0,2020-06-14,103938.14,True
753,Kurt,Carter,user753@company.com,7,61.0,2025-11-26,98408.92,False
754,Wendy,Miller,user754@company.com,9,612.0,2019-02-11,94652.23,True
755,Dylan,Olson,user755@company.com,10,297.0,2020-09-28,98728.27,False
756,Edward,Nguyen,user756@company.com,4,139.0,2023-03-02,145532.64,True
757,Tracy,Vaughn,user757@company.com,2,284.0,2023-04-08,134045.71,True
758,Nicole,Gonzalez,user758@company.com,5,256.0,2024-11-19,47549.21,True
759,Christopher,Franklin,user759@company.com,8,693.0,2021-06-28,77124.09,True
760,Karen,Joyce,user760@company.com,19,648.0,2023-09-22,62246.06,True
761,Jason,Hill,user761@company.com,13,463.0,2021-01-15,39061.95,True
762,Christopher,Adams,user762@company.com,13,528.0,2022-06-06,119976.29,True
763,Eric,Zimmerman,user763@company.com,15,500.0,2024-12-19,69274.71,True
764,Trevor,Bailey,user764@company.com,3,749.0,2021-09-08,146658.04,True
765,Rachel,Chavez,user765@company.com,3,548.0,2022-04-24,77725.9,True
766,Tiffany,Robinson,user766@company.com,7,507.0,2019-10-28,62224.42,True
767,Teresa,Williams,user767@company.com,11,561.0,2021-02-24,99352.04,False
768,Jason,Morales,user768@company.com,16,352.0,2021-03-27,137298.56,True
769,Joanna,Powell,user769@company.com,2,102.0,2024-10-19,105141.54,True
770,Erica,Johnson,user770@company.com,1,128.0,2025-02-26,141531.95,True
771,Melissa,Rubio,user771@company.com,15,468.0,2021-08-02,30081.11,True
772,Natalie,Luna,user772@company.com,7,706.0,2023-05-01,139128.87,True
773,Bradley,Fields,user773@company.com,6,281.0,2024-06-01,41200.8,True
774,Paige,Torres,user774@company.com,9,85.0,2026-02-08,74621.25,True
775,Wendy,Brown,user775@company.com,2,406.0,2025-08-08,105072.51,True
776,Richard,Warner,user776@company.com,14,672.0,2021-10-26,40943.9,True
777,Donna,Morales,user777@company.com,1,219.0,2021-02-21,87216.8,True
778,Shane,Lee,user778@company.com,19,232.0,2025-09-22,92333.31,True
779,Sherri,Jackson,user779@company.com,1,9.0,2020-06-17,113471.65,True
780,Tracy,Brown,user780@company.com,14,711.0,2022-08-05,45861.02,True
781,Matthew,Glover,user781@company.com,8,393.0,2024-06-04,40719.73,True
782,Hailey,Martinez,user782@company.com,4,321.0,2022-11-11,74107.4,True
783,Tracy,Lutz,user783@company.com,5,392.0,2025-11-24,122815.26,True
784,Sandra,Black,user784@company.com,5,71.0,2018-06-18,93660.99,True
785,Matthew,Koch,user785@company.com,20,666.0,2024-06-10,49693.99,True
786,Anita,Navarro,user786@company.com,7,644.0,2022-05-08,119792.26,True
787,Christian,Wang,user787@company.com,20,704.0,2021-02-11,83086.06,True
788,Laura,Caldwell,user788@company.com,3,103.0,2022-11-09,46801.58,True
789,George,Barnes,user789@company.com,19,748.0,2022-07-22,76083.83,True
790,Caitlin,Scott,user790@company.com,11,144.0,2019-11-16,59734.36,True
791,Travis,Campbell,user791@company.com,8,567.0,2022-02-01,102119.89,False
792,Michael,Townsend,user792@company.com,10,708.0,2021-10-07,33218.93,True
793,Frances,Jimenez,user793@company.com,7,531.0,2021-04-29,102831.22,True
794,Lori,Holmes,user794@company.com,13,303.0,2023-02-13,107540.37,True
795,Christopher,Kelly,user795@company.com,16,396.0,2022-03-07,43529.24,True
796,Paul,Hines,user796@company.com,20,73.0,2026-01-17,93394.38,True
797,Jessica,Mccann,user797@company.com,12,325.0,2021-09-30,45837.95,False
798,Albert,Chavez,user798@company.com,14,375.0,2025-11-16,95562.75,True
799,Christina,Murray,user799@company.com,16,789.0,2021-12-19,38759.02,False
800,Pamela,Stewart,user800@company.com,3,15.0,2019-09-28,61462.23,True
801,Daniel,Parsons,user801@company.com,2,408.0,2019-09-02,90793.27,False
802,Austin,Simon,user802@company.com,14,434.0,2025-03-24,114217.28,True
803,Thomas,Williams,user803@company.com,18,551.0,2024-05-16,103925.65,True
804,John,Thompson,user804@company.com,3,318.0,2025-12-25,39482.59,True
805,John,Vincent,user805@company.com,5,550.0,2022-08-25,69210.04,False
806,Pedro,Anderson,user806@company.com,3,318.0,2026-03-14,113841.11,True
807,Joseph,Baker,user807@company.com,2,251.0,2024-06-19,40345.54,True
808,Dennis,Anderson,user808@company.com,4,465.0,2020-01-23,103475.62,True
809,Darin,Washington,user809@company.com,10,683.0,2023-12-15,119003.22,True
810,Kendra,Carter,user810@company.com,4,13.0,2018-11-15,114948.07,True
811,Jennifer,Riley,user811@company.com,6,509.0,2021-02-09,144361.94,False
812,Bridget,Ramos,user812@company.com,17,802.0,2025-11-24,128700.82,True
813,Kristin,Martinez,user813@company.com,6,381.0,2020-04-28,45231.67,True
814,Alvin,Ray,user814@company.com,4,790.0,2025-05-03,137987.69,True
815,Shawn,Green,user815@company.com,14,279.0,2023-06-18,92862.51,True
816,Sheila,Hernandez,user816@company.com,19,643.0,2020-02-15,39248.4,True
817,Mallory,Clarke,user817@company.com,17,369.0,2021-05-04,36652.69,False
818,Angela,Harrington,user818@company.com,6,377.0,2020-08-29,48877.2,True
819,Alexandra,Cooper,user819@company.com,19,691.0,2018-10-29,116733.4,True
820,Brianna,Hill,user820@company.com,17,3.0,2019-10-19,35284.55,True
821,Christopher,Carr,user821@company.com,8,48.0,2024-03-08,86611.75,True
822,Zachary,Benson,user822@company.com,5,184.0,2021-01-01,141739.21,True
823,Toni,Marquez,user823@company.com,18,732.0,2018-11-02,118879.9,True
824,Randy,Peterson,user824@company.com,8,330.0,2020-02-24,59791.58,True
825,Jonathan,Morales,user825@company.com,9,80.0,2024-10-11,98584.32,True
826,Jennifer,Moody,user826@company.com,17,690.0,2023-12-21,138232.92,True
827,Samantha,Wright,user827@company.com,8,824.0,2024-01-04,91892.9,True
828,Meagan,Waters,user828@company.com,13,71.0,2020-02-10,135238.95,True
829,Pamela,Ward,user829@company.com,10,336.0,2022-10-09,40366.26,True
830,Ryan,Torres,user830@company.com,1,378.0,2023-03-05,54080.54,False
831,Patrick,Ward,user831@company.com,10,758.0,2025-07-26,104726.1,True
832,Joseph,Cochran,user832@company.com,12,606.0,2026-02-11,146622.93,True
833,Caitlin,Valencia,user833@company.com,18,779.0,2018-12-24,125516.82,True
834,Joseph,Smith,user834@company.com,1,420.0,2019-10-12,32869.23,False
835,Colin,English,user835@company.com,12,652.0,2018-07-07,130748.88,True
836,Kevin,Hunt,user836@company.com,11,2.0,2020-01-20,121071.5,True
837,Robert,Marshall,user837@company.com,10,107.0,2021-03-16,54623.32,True
838,Lynn,Huff,user838@company.com,14,504.0,2021-07-03,145342.21,True
839,Wendy,Mills,user839@company.com,9,96.0,2020-05-06,35268.03,True
840,Eric,Delacruz,user840@company.com,17,423.0,2025-11-01,114101.63,True
841,Chad,Griffin,user841@company.com,15,766.0,2018-06-09,40188.29,True
842,Steven,Jackson,user842@company.com,17,137.0,2022-11-06,106465.88,True
843,Vanessa,Richards,user843@company.com,3,607.0,2025-03-28,98138.49,True
844,April,Lopez,user844@company.com,5,243.0,2021-12-17,65001.12,True
845,Anna,Stevenson,user845@company.com,13,718.0,2024-01-11,129827.98,True
846,Mary,Allen,user846@company.com,11,464.0,2022-09-10,62634.7,True
847,Jessica,Ward,user847@company.com,7,140.0,2025-02-12,123592.44,False
848,Joshua,Thompson,user848@company.com,4,160.0,2025-06-25,42678.93,True
849,Lauren,Watkins,user849@company.com,15,322.0,2023-11-29,78781.51,False
850,Barbara,Arellano,user850@company.com,12,789.0,2023-07-19,54916.35,True
851,Corey,Turner,user851@company.com,15,272.0,2021-12-04,132297.86,True
852,Justin,Lopez,user852@company.com,6,827.0,2022-04-22,112326.58,False
853,Courtney,Caldwell,user853@company.com,2,221.0,2026-01-29,130310.97,True
854,Stephanie,English,user854@company.com,5,94.0,2023-04-09,115338.89,True
855,Taylor,Robinson,user855@company.com,13,526.0,2019-02-16,35874.07,True
856,Michael,Abbott,user856@company.com,9,840.0,2024-05-10,148881.19,True
857,Mariah,Gates,user857@company.com,13,464.0,2019-09-27,96714.45,False
858,Jose,Welch,user858@company.com,8,97.0,2021-03-24,85445.19,True
859,Jonathan,Houston,user859@company.com,4,13.0,2026-04-04,37400.3,True
860,Nicholas,Cox,user860@company.com,5,203.0,2023-09-17,128840.81,True
861,Reginald,Swanson,user861@company.com,3,597.0,2023-07-20,100334.25,True
862,Kelsey,Doyle,user862@company.com,1,67.0,2019-03-02,53730.04,True
863,Cody,Schwartz,user863@company.com,5,95.0,2018-12-12,138609.36,True
864,Carmen,Wiggins,user864@company.com,4,44.0,2020-04-03,143073.68,True
865,Jonathan,Harris,user865@company.com,6,588.0,2022-12-12,81978.77,True
866,Rachel,Dennis,user866@company.com,16,31.0,2018-09-29,75927.53,True
867,Stephanie,Rodriguez,user867@company.com,6,363.0,2023-05-14,55765.93,True
868,Heather,Torres,user868@company.com,9,287.0,2022-12-19,83521.37,True
869,Brett,Reid,user869@company.com,2,629.0,2022-06-04,104301.19,True
870,Brittany,Turner,user870@company.com,10,511.0,2018-09-22,79439.06,False
871,Andrew,Flores,user871@company.com,16,63.0,2018-09-02,40526.59,True
872,Mary,Adkins,user872@company.com,5,430.0,2025-12-05,53934.94,False
873,Claudia,Butler,user873@company.com,8,646.0,2025-04-19,149290.47,False
874,Theresa,Williams,user874@company.com,1,392.0,2026-02-10,123829.89,True
875,Kristopher,Garcia,user875@company.com,16,558.0,2022-11-27,123772.21,True
876,Charles,Townsend,user876@company.com,19,515.0,2024-02-18,68592.53,True
877,Richard,Esparza,user877@company.com,6,27.0,2025-09-27,68265.31,True
878,Eddie,Davis,user878@company.com,1,831.0,2019-10-18,123424.59,True
879,Brett,Morgan,user879@company.com,16,543.0,2024-12-18,72891.95,False
880,Connor,Vazquez,user880@company.com,8,164.0,2022-09-30,42016.12,True
881,Lisa,Lowe,user881@company.com,9,547.0,2023-12-25,127954.22,True
882,Rebecca,Hernandez,user882@company.com,8,590.0,2020-10-27,131580.61,True
883,Diane,Grant,user883@company.com,12,860.0,2019-01-31,148985.03,True
884,Christian,Cunningham,user884@company.com,6,243.0,2018-12-05,101102.34,True
885,Wendy,Randall,user885@company.com,19,29.0,2024-10-22,114414.35,True
886,Stephanie,Wolf,user886@company.com,19,578.0,2024-11-03,47052.27,True
887,Jennifer,Foster,user887@company.com,16,556.0,2019-11-06,67086.37,True
888,Eric,Butler,user888@company.com,2,93.0,2022-09-19,36740.16,False
889,Michelle,Harris,user889@company.com,8,21.0,2020-12-26,93173.82,True
890,Brandon,Norman,user890@company.com,11,629.0,2025-02-01,54175.73,True
891,Andre,Bush,user891@company.com,11,735.0,2024-05-16,51295.18,True
892,David,Smith,user892@company.com,2,23.0,2020-03-22,47725.44,True
893,Kathryn,Gonzalez,user893@company.com,4,867.0,2019-12-02,93155.39,True
894,Clayton,Olson,user894@company.com,3,383.0,2023-09-13,114544.56,True
895,John,Smith,user895@company.com,19,104.0,2019-07-16,70387.33,True
896,John,Armstrong,user896@company.com,5,162.0,2019-12-09,117882.24,True
897,Erin,Williams,user897@company.com,16,665.0,2020-07-05,68074.01,False
898,Brandy,Barron,user898@company.com,20,806.0,2024-06-06,72819.07,False
899,Andrew,Morgan,user899@company.com,6,388.0,2021-09-03,66818.79,True
900,Bethany,Thomas,user900@company.com,5,182.0,2021-10-16,117459.71,False
901,Jesse,Martinez,user901@company.com,13,872.0,2019-04-30,149313.98,False
902,Kevin,Watson,user902@company.com,2,187.0,2025-09-23,102286.64,False
903,Chloe,Gomez,user903@company.com,8,655.0,2020-09-04,97866.03,True
904,Wayne,Johnson,user904@company.com,5,340.0,2024-09-17,119441.2,True
905,Samantha,Crawford,user905@company.com,12,328.0,2024-10-08,50146.49,True
906,Brittney,Richard,user906@company.com,11,458.0,2024-10-27,31367.47,True
907,Michael,Rogers,user907@company.com,8,710.0,2022-10-04,38135.37,True
908,Brian,Lang,user908@company.com,4,738.0,2026-02-26,30153.74,True
909,Zachary,Howard,user909@company.com,15,751.0,2026-04-10,80358.39,True
910,Dustin,Crawford,user910@company.com,14,505.0,2024-01-12,135812.48,True
911,Veronica,Johnson,user911@company.com,18,385.0,2024-01-15,42171.43,True
912,Richard,Jones,user912@company.com,19,667.0,2023-09-08,120989.23,True
913,Ashley,Patel,user913@company.com,6,463.0,2020-08-08,38845.13,True
914,Mark,Mcclain,user914@company.com,10,21.0,2021-01-04,68246.03,True
915,Warren,Miranda,user915@company.com,3,351.0,2026-03-04,50412.62,True
916,Ian,Walsh,user916@company.com,6,750.0,2023-05-03,39000.29,True
917,Catherine,Wallace,user917@company.com,11,609.0,2025-03-09,148233.13,True
918,Melissa,Buck,user918@company.com,1,442.0,2019-12-05,143093.07,True
919,Michelle,Bridges,user919@company.com,20,912.0,2020-06-21,82104.05,True
920,Kristin,Kim,user920@company.com,4,340.0,2022-03-16,54666.06,True
921,Dana,Alvarado,user921@company.com,14,714.0,2025-04-21,96493.49,False
922,Mary,Rogers,user922@company.com,9,677.0,2018-10-29,63782.77,True
923,Jeffery,Shannon,user923@company.com,4,51.0,2018-09-18,77148.27,False
924,Joseph,Ward,user924@company.com,16,158.0,2019-08-20,36540.58,True
925,Austin,Ortiz,user925@company.com,14,90.0,2019-05-17,65345.93,False
926,Michael,Ward,user926@company.com,16,205.0,2024-01-31,41638.43,True
927,Harold,Hernandez,user927@company.com,6,654.0,2019-03-20,65017.38,True
928,Daniel,Castaneda,user928@company.com,16,865.0,2025-01-11,43861.07,True
929,Zachary,Smith,user929@company.com,16,501.0,2022-04-07,137385.3,True
930,John,Martin,user930@company.com,3,658.0,2019-10-20,95295.12,True
931,William,Ho,user931@company.com,12,907.0,2021-02-04,75773.42,True
932,Brian,Garcia,user932@company.com,15,46.0,2019-07-09,61595.52,True
933,Angela,Oneill,user933@company.com,9,232.0,2020-12-02,130449.45,False
934,Bobby,Hayes,user934@company.com,2,155.0,2024-04-29,120268.22,True
935,Rachel,Coleman,user935@company.com,3,685.0,2023-06-16,71254.97,False
936,Karen,Smith,user936@company.com,14,775.0,2018-12-02,100767.17,False
937,Justin,Morris,user937@company.com,2,861.0,2018-08-01,76452.73,False
938,Scott,Sanchez,user938@company.com,14,549.0,2023-04-28,112448.15,True
939,Katherine,Sullivan,user939@company.com,19,903.0,2025-07-28,58277.04,True
940,Curtis,Horton,user940@company.com,3,405.0,2018-07-04,138333.26,True
941,Andrew,King,user941@company.com,17,585.0,2020-07-10,138054.61,False
942,Jeremy,Mcdonald,user942@company.com,20,151.0,2020-04-29,44433.82,True
943,Scott,Stewart,user943@company.com,6,172.0,2022-07-23,146659.79,True
944,Eileen,Acosta,user944@company.com,5,44.0,2024-12-14,80804.99,True
945,Becky,Foster,user945@company.com,7,843.0,2021-02-14,105267.15,False
946,Martha,Smith,user946@company.com,9,328.0,2026-04-20,139296.54,True
947,Crystal,Flores,user947@company.com,3,398.0,2023-11-19,96763.7,False
948,Amy,Kelly,user948@company.com,11,878.0,2024-04-04,63144.1,True
949,Tamara,Willis,user949@company.com,1,806.0,2018-12-05,114049.45,False
950,Caitlin,Wilson,user950@company.com,17,801.0,2019-11-13,80351.26,True
951,Holly,Alexander,user951@company.com,5,152.0,2023-09-19,97991.27,False
952,Jennifer,Cross,user952@company.com,4,948.0,2021-09-26,42676.18,True
953,Eric,Gomez,user953@company.com,10,889.0,2023-05-07,94276.02,True
954,Ebony,Martin,user954@company.com,14,271.0,2022-01-16,75965.22,True
955,Paul,Espinoza,user955@company.com,19,624.0,2020-07-22,86765.59,True
956,Chris,Bennett,user956@company.com,9,413.0,2024-01-30,47262.32,False
957,Linda,Wallace,user957@company.com,13,40.0,2024-12-03,77495.13,True
958,Jeffrey,Barber,user958@company.com,8,51.0,2024-02-03,119489.98,True
959,Paul,Bryant,user959@company.com,12,21.0,2022-12-08,70543.93,True
960,Christopher,Jenkins,user960@company.com,10,288.0,2019-03-31,131141.59,True
961,Erika,Baker,user961@company.com,8,138.0,2018-10-02,66057.65,True
962,Kevin,Ellis,user962@company.com,11,276.0,2022-06-18,117455.93,False
963,Brian,Jones,user963@company.com,3,193.0,2022-08-23,83005.99,True
964,Tina,Garrett,user964@company.com,16,778.0,2025-05-05,91980.17,True
965,James,Carlson,user965@company.com,2,528.0,2023-07-11,124978.85,True
966,Jason,Benjamin,user966@company.com,10,727.0,2023-09-24,90815.43,True
967,Karen,Larson,user967@company.com,17,901.0,2024-09-19,98240.68,True
968,Erica,Anderson,user968@company.com,7,897.0,2023-03-11,129951.59,True
969,Paul,Ortega,user969@company.com,8,34.0,2024-11-12,84773.84,True
970,Melissa,Ray,user970@company.com,7,281.0,2020-06-24,74202.23,True
971,Rhonda,Burton,user971@company.com,17,407.0,2022-09-21,106249.18,True
972,Tina,Dodson,user972@company.com,1,248.0,2018-10-19,74696.01,False
973,Anne,Richmond,user973@company.com,15,182.0,2019-09-26,145262.45,True
974,Katherine,Morrison,user974@company.com,19,565.0,2023-07-22,71971.19,True
975,Kathleen,Zimmerman,user975@company.com,9,767.0,2024-05-20,129704.42,True
976,Gregory,Vargas,user976@company.com,10,29.0,2020-08-10,76387.88,True
977,Kevin,Peterson,user977@company.com,19,799.0,2023-07-05,145790.11,True
978,Bill,Casey,user978@company.com,8,694.0,2023-01-14,54807.72,True
979,Scott,Barber,user979@company.com,17,21.0,2018-12-16,133755.59,True
980,Reginald,Hernandez,user980@company.com,16,934.0,2026-01-13,45877.69,True
981,Joshua,Tucker,user981@company.com,20,821.0,2021-12-01,31015.65,True
982,Tracy,Ryan,user982@company.com,20,825.0,2025-07-01,143160.6,True
983,Stephen,Galvan,user983@company.com,14,917.0,2021-07-23,75177.05,True
984,Elizabeth,Brady,user984@company.com,15,259.0,2026-04-13,56185.09,True
985,Bonnie,Blackburn,user985@company.com,17,845.0,2020-02-29,104832.73,False
986,Kevin,Jackson,user986@company.com,4,8.0,2024-10-10,91381.65,True
987,Randy,Gray,user987@company.com,18,663.0,2023-10-31,101252.71,True
988,Andrew,Adams,user988@company.com,10,701.0,2025-05-04,42972.54,True
989,Wayne,Reynolds,user989@company.com,11,284.0,2020-04-04,106871.37,True
990,David,Flynn,user990@company.com,9,672.0,2026-01-24,115331.25,True
991,Donna,White,user991@company.com,7,154.0,2020-04-28,92075.23,True
992,Elizabeth,Mckenzie,user992@company.com,2,825.0,2023-09-29,132877.84,False
993,William,Warren,user993@company.com,13,677.0,2019-11-14,68350.29,True
994,Stephanie,Davis,user994@company.com,1,672.0,2020-09-14,89684.74,True
995,William,Freeman,user995@company.com,9,929.0,2023-01-14,80227.88,True
996,Vickie,Graham,user996@company.com,2,598.0,2021-10-18,114968.28,False
997,Seth,Huffman,user997@company.com,7,352.0,2018-06-05,117185.99,True
998,Brian,Ramos,user998@company.com,18,654.0,2020-11-29,124187.65,True
999,Brooke,Ruiz,user999@company.com,17,308.0,2023-04-02,131450.31,False
1000,Kristen,Wyatt,user1000@company.com,6,301.0,2020-08-23,41712.37,True
